film_id,title,category_id,name
19,"AMADEUS HOLY",1,Action
21,"AMERICAN CIRCUS",1,Action
29,"ANTITRUST TOMATOES",1,Action
38,"ARK RIDGEMONT",1,Action
56,"BAREFOOT MANCHURIAN",1,Action
67,"BERETS AGENT",1,Action
97,"BRIDE INTRIGUE",1,Action
105,"BULL SHAWSHANK",1,Action
111,"CADDYSHACK JEDI",1,Action
115,"CAMPUS REMEMBER",1,Action
126,"CASUALTIES ENCINO",1,Action
130,"CELEBRITY HORN",1,Action
162,"CLUELESS BUCKET",1,Action
194,"CROW GREASE",1,Action
205,"DANCES NONE",1,Action
210,"DARKO DORADO",1,Action
212,"DARN FORRESTER",1,Action
229,"DEVIL DESIRE",1,Action
250,"DRAGON SQUAD",1,Action
252,"DREAM PICKUP",1,Action
253,"DRIFTER COMMANDMENTS",1,Action
271,"EASY GLADIATOR",1,Action
287,"ENTRAPMENT SATISFACTION",1,Action
292,"EXCITEMENT EVE",1,Action
303,"FANTASY TROOPERS",1,Action
318,"FIREHOUSE VIETNAM",1,Action
327,"FOOL MOCKINGBIRD",1,Action
329,"FORREST SONS",1,Action
360,"GLASS DYING",1,Action
371,"GOSFORD DONNIE",1,Action
375,"GRAIL FRANKENSTEIN",1,Action
395,"HANDICAP BOONDOCK",1,Action
417,"HILLS NEIGHBORS",1,Action
501,"KISSING DOLLS",1,Action
511,"LAWRENCE LOVE",1,Action
530,"LORD ARIZONA",1,Action
542,"LUST LOCK",1,Action
549,"MAGNOLIA FORRESTER",1,Action
574,"MIDNIGHT WESTWARD",1,Action
579,"MINDS TRUMAN",1,Action
586,"MOCKINGBIRD HOLLYWOOD",1,Action
594,"MONTEZUMA COMMAND",1,Action
659,"PARK CITIZEN",1,Action
664,"PATRIOT ROMAN",1,Action
697,"PRIMARY GLASS",1,Action
707,"QUEST MUSSOLINI",1,Action
717,"REAR TRADING",1,Action
732,"RINGS HEARTBREAKERS",1,Action
748,"RUGRATS SHAKESPEARE",1,Action
793,"SHRUNK DIVINE",1,Action
794,"SIDE ARK",1,Action
802,"SKY MIRACLE",1,Action
823,"SOUTH WAIT",1,Action
825,"SPEAKEASY DATE",1,Action
838,"STAGECOACH ARMAGEDDON",1,Action
850,"STORY SIDE",1,Action
869,"SUSPECTS QUILLS",1,Action
911,"TRIP NEWTON",1,Action
915,"TRUMAN CRAZY",1,Action
927,"UPRISING UPTOWN",1,Action
964,"WATERFRONT DELIVERANCE",1,Action
968,"WEREWOLF LOLA",1,Action
982,"WOMEN DORADO",1,Action
991,"WORST BANGER",1,Action
18,"ALTER VICTORY",2,Animation
23,"ANACONDA CONFESSIONS",2,Animation
36,"ARGONAUTS TOWN",2,Animation
70,"BIKINI BORROWERS",2,Animation
78,"BLACKOUT PRIVATE",2,Animation
89,"BORROWERS BEDAZZLED",2,Animation
118,"CANYON STOCK",2,Animation
121,"CAROL TEXAS",2,Animation
134,"CHAMPION FLATLINERS",2,Animation
154,"CLASH FREDDY",2,Animation
160,"CLUB GRAFFITI",2,Animation
193,"CROSSROADS CASUALTIES",2,Animation
208,"DARES PLUTO",2,Animation
223,"DESIRE ALIEN",2,Animation
239,"DOGMA FAMILY",2,Animation
241,"DONNIE ALLEY",2,Animation
243,"DOORS PRESIDENT",2,Animation
245,"DOUBLE WRATH",2,Animation
259,"DUCK RACER",2,Animation
268,"EARLY HOME",2,Animation
300,"FALCON VOLUME",2,Animation
314,"FIGHT JAWBREAKER",2,Animation
325,"FLOATS GARDEN",2,Animation
326,"FLYING HOOK",2,Animation
330,"FORRESTER COMANCHEROS",2,Animation
349,"GANGS PRIDE",2,Animation
355,"GHOSTBUSTERS ELF",2,Animation
402,"HARPER DYING",2,Animation
430,"HOOK CHARIOTS",2,Animation
433,"HORN WORKING",2,Animation
456,"INCH JET",2,Animation
461,"INSECTS STONE",2,Animation
464,"INTENTIONS EMPIRE",2,Animation
470,"ISHTAR ROCKETEER",2,Animation
489,"JUGGLER HARDLY",2,Animation
510,"LAWLESS VISION",2,Animation
541,"LUKE MUMMY",2,Animation
564,"MASSAGE IMAGE",2,Animation
569,"MENAGERIE RUSHMORE",2,Animation
582,"MIRACLE VIRTUAL",2,Animation
583,"MISSION ZOOLANDER",2,Animation
615,"NASH CHOCOLAT",2,Animation
644,"OSCAR GOLD",2,Animation
649,"OZ LIAISONS",2,Animation
651,"PACKER MADIGAN",2,Animation
690,"POND SEATTLE",2,Animation
692,"POTLUCK MIXED",2,Animation
693,"POTTER CONNECTICUT",2,Animation
696,"PRIDE ALAMO",2,Animation
703,"PUNK DIVORCE",2,Animation
743,"ROOM ROMAN",2,Animation
805,"SLEEPLESS MONSOON",2,Animation
816,"SNOWMAN ROLLERCOASTER",2,Animation
820,"SONS INTERVIEW",2,Animation
849,"STORM HAPPINESS",2,Animation
859,"SUGAR WONKA",2,Animation
865,"SUNRISE LEAGUE",2,Animation
880,"TELEMARK HEARTBREAKERS",2,Animation
886,"THEORY MERMAID",2,Animation
887,"THIEF PELICAN",2,Animation
892,"TITANIC BOONDOCK",2,Animation
901,"TRACY CIDER",2,Animation
916,"TURN STAR",2,Animation
953,"WAIT CIDER",2,Animation
963,"WATCH TRACY",2,Animation
986,"WONKA SEA",2,Animation
48,"BACKLASH UNDEFEATED",3,Children
59,"BEAR GRACELAND",3,Children
66,"BENEATH RUSH",3,Children
68,"BETRAYED REAR",3,Children
110,"CABIN FLASH",3,Children
124,"CASPER DRAGONFLY",3,Children
149,"CHRISTMAS MOONSHINE",3,Children
152,"CIRCUS YOUTH",3,Children
157,"CLOCKWORK PARADISE",3,Children
168,"COMANCHEROS ENEMY",3,Children
191,"CROOKED FROGMEN",3,Children
214,"DAUGHTER MADIGAN",3,Children
238,"DOCTOR GRAIL",3,Children
280,"EMPIRE MALKOVICH",3,Children
304,"FARGO GANDHI",3,Children
328,"FOREVER CANDIDATE",3,Children
343,"FULL FLATLINERS",3,Children
344,"FURY MURDER",3,Children
354,"GHOST GROUNDHOG",3,Children
356,"GIANT TROOPERS",3,Children
370,"GORGEOUS BINGO",3,Children
373,"GRADUATE LORD",3,Children
392,"HALL CASSIDY",3,Children
409,"HEARTBREAKERS BRIGHT",3,Children
423,"HOLLYWOOD ANONYMOUS",3,Children
424,"HOLOCAUST HIGHBALL",3,Children
450,"IDOLS SNATCHERS",3,Children
468,"INVASION CYCLONE",3,Children
485,"JERSEY SASSY",3,Children
491,"JUMPING WRATH",3,Children
505,"LABYRINTH LEAGUE",3,Children
509,"LANGUAGE COWBOY",3,Children
515,"LEGALLY SECRETARY",3,Children
547,"MAGIC MALLRATS",3,Children
553,"MAKER GABLES",3,Children
573,"MICROCOSMOS PARADISE",3,Children
588,"MODEL FISH",3,Children
608,"MURDER ANTITRUST",3,Children
626,"NOON PAPI",3,Children
688,"POLISH BROOKLYN",3,Children
735,"ROBBERS JOON",3,Children
755,"SABRINA MIDNIGHT",3,Children
761,"SANTA PARIS",3,Children
768,"SCARFACE BANG",3,Children
786,"SHEPHERD MIDSUMMER",3,Children
801,"SISTER FREDDY",3,Children
833,"SPLENDOR PATTON",3,Children
852,"STRANGELOVE DESIRE",3,Children
853,"STRANGER STRANGERS",3,Children
864,"SUNDANCE INVASION",3,Children
873,"SWEETHEARTS SUSPECTS",3,Children
883,"TEQUILA PAST",3,Children
889,"TIES HUNGER",3,Children
896,"TOOTSIE PILOT",3,Children
918,"TWISTED PIRATES",3,Children
928,"UPTOWN YOUNG",3,Children
955,"WALLS ARTIST",3,Children
959,"WARLOCK WEREWOLF",3,Children
993,"WRONG BEHAVIOR",3,Children
999,"ZOOLANDER FICTION",3,Children
14,"ALICE FANTASIA",4,Classics
37,"ARIZONA BANG",4,Classics
60,"BEAST HUNCHBACK",4,Classics
91,"BOUND CHEAPER",4,Classics
116,"CANDIDATE PERDITION",4,Classics
131,"CENTER DINOSAUR",4,Classics
166,"COLOR PHILADELPHIA",4,Classics
180,"CONSPIRACY SPIRIT",4,Classics
184,"CORE SUIT",4,Classics
190,"CREEPERS KANE",4,Classics
196,"CRUELTY UNFORGIVEN",4,Classics
228,"DETECTIVE VISION",4,Classics
249,"DRACULA CRYSTAL",4,Classics
266,"DYNAMITE TARZAN",4,Classics
297,"EXTRAORDINARY CONQUERER",4,Classics
341,"FROST HEAD",4,Classics
346,"GALAXY SWEETHEARTS",4,Classics
357,"GILBERT PELICAN",4,Classics
358,"GILMORE BOILED",4,Classics
425,"HOLY TADPOLE",4,Classics
432,"HOPE TOOTSIE",4,Classics
445,"HYDE DOCTOR",4,Classics
469,"IRON MOON",4,Classics
471,"ISLAND EXORCIST",4,Classics
480,"JEEPERS WEDDING",4,Classics
482,"JEOPARDY ENCINO",4,Classics
484,"JERK PAYCHECK",4,Classics
487,"JINGLE SAGEBRUSH",4,Classics
512,"LEAGUE HELLFIGHTERS",4,Classics
523,"LIGHTS DEER",4,Classics
525,"LOATHING LEGALLY",4,Classics
536,"LOVELY JINGLE",4,Classics
537,"LOVER TRUMAN",4,Classics
548,"MAGNIFICENT CHITTY",4,Classics
554,"MALKOVICH PET",4,Classics
578,"MILLION ACE",4,Classics
611,"MUSKETEERS WAIT",4,Classics
633,"OCTOBER SUBMARINE",4,Classics
652,"PAJAMA JAWBREAKER",4,Classics
663,"PATIENT SISTER",4,Classics
694,"PREJUDICE OLEANDER",4,Classics
725,"REQUIEM TYCOON",4,Classics
731,"RIGHT CRANES",4,Classics
744,"ROOTS REMEMBER",4,Classics
808,"SLING LUKE",4,Classics
815,"SNATCHERS MONTEZUMA",4,Classics
828,"SPIKING ELEMENT",4,Classics
843,"STEEL SANTA",4,Classics
862,"SUMMER SCARFACE",4,Classics
874,"TADPOLE PARK",4,Classics
891,"TIMBERLAND SKY",4,Classics
895,"TOMORROW HUSTLER",4,Classics
899,"TOWERS HURRICANE",4,Classics
950,"VOLUME HOUSE",4,Classics
951,"VOYAGE LEGALLY",4,Classics
962,"WASTELAND DIVINE",4,Classics
970,"WESTWARD SEABISCUIT",4,Classics
7,"AIRPLANE SIERRA",5,Comedy
28,"ANTHEM LUKE",5,Comedy
99,"BRINGING HYSTERICAL",5,Comedy
119,"CAPER MOTIONS",5,Comedy
127,"CAT CONEHEADS",5,Comedy
159,"CLOSER BANG",5,Comedy
178,"CONNECTION MICROCOSMOS",5,Comedy
182,"CONTROL ANTHEM",5,Comedy
188,"CRAZY HOME",5,Comedy
202,"DADDY PITTSBURGH",5,Comedy
242,"DOOM DANCING",5,Comedy
247,"DOWNHILL ENOUGH",5,Comedy
265,"DYING MAKER",5,Comedy
276,"ELEMENT FREDDY",5,Comedy
308,"FERRIS MOTHER",5,Comedy
317,"FIREBALL PHILADELPHIA",5,Comedy
324,"FLINTSTONES HAPPINESS",5,Comedy
332,"FRANKENSTEIN STRANGER",5,Comedy
335,"FREEDOM CLEOPATRA",5,Comedy
365,"GOLD RIVER",5,Comedy
385,"GROUNDHOG UNCUT",5,Comedy
388,"GUNFIGHT MOON",5,Comedy
404,"HATE HANDICAP",5,Comedy
410,"HEAVEN FREEDOM",5,Comedy
413,"HEDWIG ALTER",5,Comedy
443,"HURRICANE AFFAIR",5,Comedy
444,"HUSTLER PARTY",5,Comedy
478,"JAWS HARRY",5,Comedy
502,"KNOCK WARLOCK",5,Comedy
522,"LIFE TWISTED",5,Comedy
524,"LION UNCUT",5,Comedy
529,"LONELY ELEPHANT",5,Comedy
555,"MALLRATS UNITED",5,Comedy
568,"MEMENTO ZOOLANDER",5,Comedy
604,"MULAN MOON",5,Comedy
613,"MYSTIC TRUMAN",5,Comedy
638,"OPERATION OPERATION",5,Comedy
657,"PARADISE SABRINA",5,Comedy
660,"PARTY KNOCK",5,Comedy
672,"PERFECT GROOVE",5,Comedy
680,"PINOCCHIO SIMON",5,Comedy
704,"PURE RUNNER",5,Comedy
754,"RUSHMORE MERMAID",5,Comedy
756,"SADDLE ANTITRUST",5,Comedy
765,"SATURN NAME",5,Comedy
774,"SEARCHERS WAIT",5,Comedy
814,"SNATCH SLIPPER",5,Comedy
837,"STAGE WORLD",5,Comedy
857,"STRICTLY SCARFACE",5,Comedy
858,"SUBMARINE BED",5,Comedy
871,"SWEDEN SHINING",5,Comedy
905,"TRAINSPOTTING STRANGERS",5,Comedy
906,"TRAMP OTHERS",5,Comedy
932,"VALLEY PACKER",5,Comedy
938,"VELVET TERMINATOR",5,Comedy
939,"VERTIGO NORTHWEST",5,Comedy
978,"WISDOM WORKER",5,Comedy
1000,"ZORRO ARK",5,Comedy
1,"ACADEMY DINOSAUR",6,Documentary
3,"ADAPTATION HOLES",6,Documentary
40,"ARMY FLINTSTONES",6,Documentary
58,"BEACH HEARTBREAKERS",6,Documentary
62,"BED HIGHBALL",6,Documentary
72,"BILL OTHERS",6,Documentary
85,"BONNIE HOLOCAUST",6,Documentary
101,"BROTHERHOOD BLANKET",6,Documentary
129,"CAUSE DATE",6,Documentary
142,"CHICKEN HELLFIGHTERS",6,Documentary
150,"CIDER DESIRE",6,Documentary
156,"CLERKS ANGELS",6,Documentary
164,"COAST RAINBOW",6,Documentary
199,"CUPBOARD SINNERS",6,Documentary
206,"DANCING FEVER",6,Documentary
219,"DEEP CRUSADE",6,Documentary
221,"DELIVERANCE MULHOLLAND",6,Documentary
248,"DOZEN LION",6,Documentary
261,"DUFFEL APOCALYPSE",6,Documentary
274,"EGG IGBY",6,Documentary
295,"EXPENDABLE STALLION",6,Documentary
336,"FRENCH HOLIDAY",6,Documentary
393,"HALLOWEEN NUTS",6,Documentary
400,"HARDLY ROBBERS",6,Documentary
407,"HAWK CHILL",6,Documentary
412,"HEAVYWEIGHTS BEAST",6,Documentary
427,"HOMEWARD CIDER",6,Documentary
441,"HUNTER ALTER",6,Documentary
457,"INDEPENDENCE HOTEL",6,Documentary
466,"INTOLERABLE INTENTIONS",6,Documentary
497,"KILL BROTHERHOOD",6,Documentary
544,"MADISON TRAP",6,Documentary
552,"MAJESTIC FLOATS",6,Documentary
571,"METAL ARMAGEDDON",6,Documentary
575,"MIDSUMMER GROUNDHOG",6,Documentary
576,"MIGHTY LUCK",6,Documentary
587,"MOD SECRETARY",6,Documentary
589,"MODERN DORADO",6,Documentary
616,"NATIONAL STORY",6,Documentary
622,"NEWSIES STORY",6,Documentary
627,"NORTH TEQUILA",6,Documentary
629,"NOTORIOUS REUNION",6,Documentary
650,"PACIFIC AMISTAD",6,Documentary
670,"PELICAN COMFORTS",6,Documentary
687,"POCUS PULP",6,Documentary
698,"PRINCESS GIANT",6,Documentary
708,"QUILLS BULL",6,Documentary
712,"RAIDERS ANTITRUST",6,Documentary
713,"RAINBOW SHOCK",6,Documentary
734,"ROAD ROXANNE",6,Documentary
757,"SAGEBRUSH CLUELESS",6,Documentary
776,"SECRET GROUNDHOG",6,Documentary
788,"SHIP WONDERLAND",6,Documentary
791,"SHOW LORD",6,Documentary
812,"SMOKING BARBARELLA",6,Documentary
834,"SPOILERS HELLFIGHTERS",6,Documentary
855,"STREAK RIDGEMONT",6,Documentary
888,"THIN SAGEBRUSH",6,Documentary
925,"UNITED PILOT",6,Documentary
926,"UNTOUCHABLES SUNRISE",6,Documentary
943,"VILLAIN DESPERATE",6,Documentary
945,"VIRGINIAN PLUTO",6,Documentary
952,"WAGON JAWS",6,Documentary
960,"WARS PLUTO",6,Documentary
966,"WEDDING APOLLO",6,Documentary
973,"WIFE TURN",6,Documentary
992,"WRATH MILE",6,Documentary
996,"YOUNG LANGUAGE",6,Documentary
33,"APOLLO TEEN",7,Drama
61,"BEAUTY GREASE",7,Drama
64,"BEETHOVEN EXORCIST",7,Drama
79,"BLADE POLISH",7,Drama
98,"BRIGHT ENCOUNTERS",7,Drama
107,"BUNCH MINDS",7,Drama
143,"CHILL LUCK",7,Drama
146,"CHITTY LOCK",7,Drama
172,"CONEHEADS SMOOCHY",7,Drama
173,"CONFESSIONS MAGUIRE",7,Drama
179,"CONQUERER NUTS",7,Drama
186,"CRAFT OUTFIELD",7,Drama
204,"DALMATIONS SWEDEN",7,Drama
209,"DARKNESS WAR",7,Drama
218,"DECEIVER BETRAYED",7,Drama
225,"DESTINATION JERK",7,Drama
230,"DIARY PANIC",7,Drama
272,"EDGE KISSING",7,Drama
282,"ENCOUNTERS CURTAIN",7,Drama
366,"GOLDFINGER SENSIBILITY",7,Drama
368,"GONE TROUBLE",7,Drama
379,"GREEDY ROOTS",7,Drama
396,"HANGING DEEP",7,Drama
401,"HAROLD FRENCH",7,Drama
403,"HARRY IDAHO",7,Drama
418,"HOBBIT ALIEN",7,Drama
439,"HUNCHBACK IMPOSSIBLE",7,Drama
473,"JACKET FRISCO",7,Drama
504,"KWAI HOMEWARD",7,Drama
514,"LEBOWSKI SOLDIERS",7,Drama
521,"LIES TREATMENT",7,Drama
539,"LUCK OPUS",7,Drama
585,"MOB DUFFEL",7,Drama
618,"NECKLACE OUTBREAK",7,Drama
630,"NOTTING SPEAKEASY",7,Drama
643,"ORIENT CLOSER",7,Drama
662,"PATHS CONTROL",7,Drama
666,"PAYCHECK WAIT",7,Drama
683,"PITY BOUND",7,Drama
706,"QUEEN LUKE",7,Drama
709,"RACER EGG",7,Drama
728,"REUNION WITCHES",7,Drama
739,"ROCKY WAR",7,Drama
758,"SAINTS BRIDE",7,Drama
766,"SAVANNAH TOWN",7,Drama
771,"SCORPION APOLLO",7,Drama
772,"SEA VIRGIN",7,Drama
775,"SEATTLE EXPECATIONS",7,Drama
790,"SHOOTIST SUPERFLY",7,Drama
803,"SLACKER LIAISONS",7,Drama
818,"SOMETHING DUCK",7,Drama
827,"SPICE SORORITY",7,Drama
882,"TENENBAUMS COMMAND",7,Drama
897,"TORQUE BOUND",7,Drama
907,"TRANSLATION SUMMER",7,Drama
910,"TREATMENT JEKYLL",7,Drama
923,"UNFAITHFUL KILL",7,Drama
942,"VIETNAM SMOOCHY",7,Drama
944,"VIRGIN DAISY",7,Drama
958,"WARDROBE PHANTOM",7,Drama
969,"WEST LION",7,Drama
979,"WITCHES PANIC",7,Drama
5,"AFRICAN EGG",8,Family
31,"APACHE DIVINE",8,Family
43,"ATLANTIS CAUSE",8,Family
50,"BAKED CLEOPATRA",8,Family
53,"BANG KWAI",8,Family
63,"BEDAZZLED MARRIED",8,Family
71,"BILKO ANONYMOUS",8,Family
80,"BLANKET BEVERLY",8,Family
82,"BLOOD ARGONAUTS",8,Family
83,"BLUES INSTINCT",8,Family
94,"BRAVEHEART HUMAN",8,Family
139,"CHASING FIGHT",8,Family
145,"CHISUM BEHAVIOR",8,Family
147,"CHOCOLAT HARRY",8,Family
175,"CONFUSED CANDLES",8,Family
183,"CONVERSATION DOWNHILL",8,Family
213,"DATE SPEED",8,Family
231,"DINOSAUR SECRETARY",8,Family
262,"DUMBO LUST",8,Family
269,"EARRING INSTINCT",8,Family
273,"EFFECT GLADIATOR",8,Family
309,"FEUD FROGMEN",8,Family
315,"FINDING ANACONDA",8,Family
345,"GABLES METROPOLIS",8,Family
348,"GANDHI KWAI",8,Family
359,"GLADIATOR WESTWARD",8,Family
377,"GREASE YOUTH",8,Family
391,"HALF OUTFIELD",8,Family
419,"HOCUS FRIDA",8,Family
428,"HOMICIDE PEACH",8,Family
437,"HOUSE DYNAMITE",8,Family
442,"HUNTING MUSKETEERS",8,Family
458,"INDIAN LOVE",8,Family
476,"JASON TRAP",8,Family
479,"JEDI BENEATH",8,Family
498,"KILLER INNOCENT",8,Family
499,"KING EVOLUTION",8,Family
528,"LOLITA WORLD",8,Family
534,"LOUISIANA HARRY",8,Family
550,"MAGUIRE APACHE",8,Family
557,"MANCHURIAN CURTAIN",8,Family
603,"MOVIE SHAKESPEARE",8,Family
610,"MUSIC BOONDOCK",8,Family
617,"NATURAL STOCK",8,Family
621,"NETWORK PEAK",8,Family
634,"ODDS BOOGIE",8,Family
639,"OPPOSITE NECKLACE",8,Family
679,"PILOT HOOSIERS",8,Family
682,"PITTSBURGH HUNCHBACK",8,Family
695,"PRESIDENT BANG",8,Family
700,"PRIX UNDEFEATED",8,Family
710,"RAGE GAMES",8,Family
715,"RANGE MOONWALKER",8,Family
724,"REMEMBER DIARY",8,Family
727,"RESURRECTION SILVERADO",8,Family
736,"ROBBERY BRIGHT",8,Family
753,"RUSH GOODFELLAS",8,Family
778,"SECRETS PARADISE",8,Family
780,"SENSIBILITY REAR",8,Family
795,"SIEGE MADRE",8,Family
810,"SLUMS DUCK",8,Family
822,"SOUP WISDOM",8,Family
824,"SPARTACUS CHEAPER",8,Family
829,"SPINAL ROCKY",8,Family
832,"SPLASH GUMP",8,Family
866,"SUNSET RACER",8,Family
867,"SUPER WYOMING",8,Family
946,"VIRTUAL SPOILERS",8,Family
975,"WILLOW TRACY",8,Family
6,"AGENT TRUMAN",9,Foreign
11,"ALAMO VIDEOTAPE",9,Foreign
15,"ALIEN CENTER",9,Foreign
16,"ALLEY EVOLUTION",9,Foreign
47,"BABY HALL",9,Foreign
52,"BALLROOM MOCKINGBIRD",9,Foreign
100,"BROOKLYN DESERT",9,Foreign
104,"BUGSY SONG",9,Foreign
112,"CALENDAR GUNFIGHT",9,Foreign
128,"CATCH AMISTAD",9,Foreign
148,"CHOCOLATE DUCK",9,Foreign
170,"COMMAND DARLING",9,Foreign
185,"COWBOY DOOM",9,Foreign
192,"CROSSING DIVORCE",9,Foreign
198,"CRYSTAL BREAKING",9,Foreign
201,"CYCLONE FAMILY",9,Foreign
207,"DANGEROUS UPTOWN",9,Foreign
246,"DOUBTFIRE LABYRINTH",9,Foreign
290,"EVERYONE CRAFT",9,Foreign
311,"FICTION CHRISTMAS",9,Foreign
337,"FRIDA SLIPPER",9,Foreign
353,"GENTLEMEN STAGE",9,Foreign
376,"GRAPES FURY",9,Foreign
380,"GREEK EVERYONE",9,Foreign
399,"HAPPINESS UNITED",9,Foreign
414,"HELLFIGHTERS SIERRA",9,Foreign
416,"HIGHBALL POTTER",9,Foreign
421,"HOLIDAY GAMES",9,Foreign
431,"HOOSIERS BIRDCAGE",9,Foreign
435,"HOTEL HAPPINESS",9,Foreign
440,"HUNGER ROOF",9,Foreign
452,"ILLUSION AMELIE",9,Foreign
455,"IMPOSSIBLE PREJUDICE",9,Foreign
459,"INFORMER DOUBLE",9,Foreign
460,"INNOCENT USUAL",9,Foreign
467,"INTRIGUE WORST",9,Foreign
486,"JET NEIGHBORS",9,Foreign
493,"KANE EXORCIST",9,Foreign
500,"KISS GLORY",9,Foreign
531,"LOSE INCH",9,Foreign
533,"LOST BIRD",9,Foreign
545,"MADNESS ATTACKS",9,Foreign
565,"MATRIX SNOWMAN",9,Foreign
566,"MAUDE MOD",9,Foreign
567,"MEET CHOCOLATE",9,Foreign
584,"MIXED DOORS",9,Foreign
595,"MOON BUNCH",9,Foreign
605,"MULHOLLAND BEAST",9,Foreign
607,"MUPPET MILE",9,Foreign
623,"NEWTON LABYRINTH",9,Foreign
640,"OPUS ICE",9,Foreign
641,"ORANGE GRAPES",9,Foreign
661,"PAST SUICIDES",9,Foreign
669,"PEARL DESTINY",9,Foreign
674,"PET HAUNTING",9,Foreign
689,"POLLOCK DELIVERANCE",9,Foreign
705,"PURPLE MOVIE",9,Foreign
726,"RESERVOIR ADAPTATION",9,Foreign
738,"ROCKETEER MOTHER",9,Foreign
769,"SCHOOL JACKET",9,Foreign
770,"SCISSORHANDS SLUMS",9,Foreign
789,"SHOCK CABIN",9,Foreign
792,"SHREK LICENSE",9,Foreign
821,"SORORITY QUEEN",9,Foreign
845,"STEPMOM DREAM",9,Foreign
900,"TOWN ARK",9,Foreign
908,"TRAP GUYS",9,Foreign
929,"USUAL UNTOUCHABLES",9,Foreign
947,"VISION TORQUE",9,Foreign
957,"WAR NOTTING",9,Foreign
961,"WASH HEAVENLY",9,Foreign
971,"WHALE BIKINI",9,Foreign
984,"WONDERFUL DROP",9,Foreign
46,"AUTUMN CROW",10,Games
106,"BULWORTH COMMANDMENTS",10,Games
117,"CANDLES GRAPES",10,Games
141,"CHICAGO NORTH",10,Games
189,"CREATURES SHAKESPEARE",10,Games
200,"CURTAIN VIDEOTAPE",10,Games
211,"DARLING BREAKING",10,Games
215,"DAWN POND",10,Games
217,"DAZED PUNK",10,Games
227,"DETAILS PACKER",10,Games
232,"DIRTY ACE",10,Games
236,"DIVINE RESURRECTION",10,Games
264,"DWARFS ALTER",10,Games
281,"ENCINO ELF",10,Games
302,"FANTASIA PARK",10,Games
306,"FEATHERS METAL",10,Games
310,"FEVER EMPIRE",10,Games
316,"FIRE WOLVES",10,Games
331,"FORWARD TEMPLE",10,Games
352,"GATHERING CALENDAR",10,Games
362,"GLORY TRACY",10,Games
381,"GRINCH MASSAGE",10,Games
382,"GRIT CLOCKWORK",10,Games
387,"GUN BONNIE",10,Games
406,"HAUNTING PIANIST",10,Games
408,"HEAD STRANGER",10,Games
438,"HUMAN GRAFFITI",10,Games
447,"ICE CROSSING",10,Games
483,"JERICHO MULAN",10,Games
507,"LADYBUGS ARMAGEDDON",10,Games
508,"LAMBS CINCINATTI",10,Games
546,"MADRE GABLES",10,Games
556,"MALTESE HOPE",10,Games
560,"MARS ROMAN",10,Games
563,"MASSACRE USUAL",10,Games
591,"MONSOON CAUSE",10,Games
596,"MOONSHINE CABIN",10,Games
597,"MOONWALKER FOOL",10,Games
614,"NAME DETECTIVE",10,Games
624,"NIGHTMARE CHILL",10,Games
646,"OUTBREAK DIVINE",10,Games
654,"PANKY SUBMARINE",10,Games
684,"PIZZA JUMANJI",10,Games
699,"PRIVATE DROP",10,Games
701,"PSYCHO SHRUNK",10,Games
742,"ROOF CHAMPION",10,Games
746,"ROUGE SQUAD",10,Games
747,"ROXANNE REBEL",10,Games
762,"SASSY PACKER",10,Games
781,"SEVEN SWARM",10,Games
807,"SLEUTH ORIENT",10,Games
835,"SPY MILE",10,Games
840,"STAMPEDE DISTURBING",10,Games
842,"STATE WASTELAND",10,Games
861,"SUIT WALLS",10,Games
919,"TYCOON GATHERING",10,Games
934,"VANILLA DAY",10,Games
941,"VIDEOTAPE ARSENIC",10,Games
949,"VOLCANO TEXAS",10,Games
956,"WANDA CHAMBER",10,Games
976,"WIND PHANTOM",10,Games
2,"ACE GOLDFINGER",11,Horror
4,"AFFAIR PREJUDICE",11,Horror
8,"AIRPORT POLLOCK",11,Horror
9,"ALABAMA DEVIL",11,Horror
13,"ALI FOREVER",11,Horror
24,"ANALYZE HOOSIERS",11,Horror
30,"ANYTHING SAVANNAH",11,Horror
34,"ARABIA DOGMA",11,Horror
35,"ARACHNOPHOBIA ROLLERCOASTER",11,Horror
65,"BEHAVIOR RUNAWAY",11,Horror
92,"BOWFINGER GABLES",11,Horror
122,"CARRIE BUNCH",11,Horror
171,"COMMANDMENTS EXPRESS",11,Horror
222,"DESERT POSEIDON",11,Horror
258,"DRUMS DYNAMITE",11,Horror
275,"EGYPT TENENBAUMS",11,Horror
277,"ELEPHANT TROJAN",11,Horror
301,"FAMILY SWEET",11,Horror
313,"FIDELITY DEVIL",11,Horror
334,"FREDDY STORM",11,Horror
351,"GASLIGHT CRUSADE",11,Horror
415,"HIGH ENCINO",11,Horror
475,"JAPANESE RUN",11,Horror
494,"KARATE MOON",11,Horror
495,"KENTUCKIAN GIANT",11,Horror
506,"LADY STAGE",11,Horror
527,"LOLA AGENT",11,Horror
535,"LOVE SUICIDES",11,Horror
593,"MONTEREY LABYRINTH",11,Horror
600,"MOTIONS DETAILS",11,Horror
653,"PANIC CLUB",11,Horror
658,"PARIS WEEKEND",11,Horror
665,"PATTON INTERVIEW",11,Horror
702,"PULP BEVERLY",11,Horror
716,"REAP UNFAITHFUL",11,Horror
722,"REEF SALUTE",11,Horror
737,"ROCK INSTINCT",11,Horror
740,"ROLLERCOASTER BRINGING",11,Horror
749,"RULES HUMAN",11,Horror
799,"SIMON NORTH",11,Horror
800,"SINNERS ATLANTIS",11,Horror
804,"SLEEPING SUSPECTS",11,Horror
830,"SPIRIT FLINTSTONES",11,Horror
854,"STRANGERS GRAFFITI",11,Horror
856,"STREETCAR INTENTIONS",11,Horror
870,"SWARM GOLD",11,Horror
876,"TARZAN VIDEOTAPE",11,Horror
881,"TEMPLE ATTRACTION",11,Horror
885,"TEXAS WATCH",11,Horror
904,"TRAIN BUNCH",11,Horror
909,"TREASURE COMMAND",11,Horror
922,"UNDEFEATED DALMATIONS",11,Horror
965,"WATERSHIP FRONTIER",11,Horror
990,"WORLD LEATHERNECKS",11,Horror
995,"YENTL IDAHO",11,Horror
998,"ZHIVAGO CORE",11,Horror
12,"ALASKA PHANTOM",12,Music
17,"ALONE TRIP",12,Music
20,"AMELIE HELLFIGHTERS",12,Music
51,"BALLOON HOMEWARD",12,Music
54,"BANGER PINOCCHIO",12,Music
74,"BIRCH ANTITRUST",12,Music
76,"BIRDCAGE CASPER",12,Music
86,"BOOGIE AMELIE",12,Music
133,"CHAMBER ITALIAN",12,Music
158,"CLONES PINOCCHIO",12,Music
161,"CLUE GRAIL",12,Music
174,"CONFIDENTIAL INTERVIEW",12,Music
220,"DEER VIRGINIAN",12,Music
244,"DORADO NOTTING",12,Music
255,"DRIVING POLISH",12,Music
278,"ELF MURDER",12,Music
284,"ENEMY ODDS",12,Music
333,"FREAKY POCUS",12,Music
363,"GO PURPLE",12,Music
378,"GREATEST NORTH",12,Music
384,"GROSSE WONDERFUL",12,Music
398,"HANOVER GALAXY",12,Music
411,"HEAVENLY GUN",12,Music
426,"HOME PITY",12,Music
454,"IMPACT ALADDIN",12,Music
462,"INSIDER ARIZONA",12,Music
477,"JAWBREAKER BROOKLYN",12,Music
516,"LEGEND JEDI",12,Music
540,"LUCKY FLYING",12,Music
562,"MASKED BUBBLE",12,Music
581,"MINORITY KISS",12,Music
592,"MONSTER SPARTACUS",12,Music
636,"OLEANDER CLUE",12,Music
647,"OUTFIELD MASSACRE",12,Music
673,"PERSONAL LADYBUGS",12,Music
718,"REBEL AIRPORT",12,Music
721,"REDS POCUS",12,Music
741,"ROMAN PUNK",12,Music
752,"RUNNER MADIGAN",12,Music
767,"SCALAWAG DUCK",12,Music
797,"SILENCE KANE",12,Music
819,"SONG HEDWIG",12,Music
877,"TAXI KICK",12,Music
879,"TELEGRAPH VOYAGE",12,Music
884,"TERMINATOR CLUB",12,Music
921,"UNCUT SUICIDES",12,Music
936,"VANISHING ROCKY",12,Music
980,"WIZARD COLDBLOODED",12,Music
983,"WON DARES",12,Music
987,"WORDS HUNTER",12,Music
997,"YOUTH KICK",12,Music
22,"AMISTAD MIDSUMMER",13,New
25,"ANGELS LIFE",13,New
32,"APOCALYPSE FLAMINGOS",13,New
45,"ATTRACTION NEWTON",13,New
77,"BIRDS PERDITION",13,New
90,"BOULEVARD MOB",13,New
93,"BRANNIGAN SUNRISE",13,New
95,"BREAKFAST GOLDFINGER",13,New
96,"BREAKING HOME",13,New
108,"BUTCH PANTHER",13,New
109,"BUTTERFLY CHOCOLAT",13,New
136,"CHAPLIN LICENSE",13,New
144,"CHINATOWN GLADIATOR",13,New
155,"CLEOPATRA DEVIL",13,New
163,"CLYDE THEORY",13,New
216,"DAY UNFAITHFUL",13,New
226,"DESTINY SATURDAY",13,New
251,"DRAGONFLY STRANGERS",13,New
267,"EAGLES PANKY",13,New
270,"EARTH VISION",13,New
283,"ENDING CROWDS",13,New
289,"EVE RESURRECTION",13,New
305,"FATAL HAUNTED",13,New
320,"FLAMINGOS CONNECTICUT",13,New
321,"FLASH WARS",13,New
340,"FRONTIER CABIN",13,New
364,"GODFATHER DIARY",13,New
436,"HOURS RAGE",13,New
448,"IDAHO LOVE",13,New
465,"INTERVIEW LIAISONS",13,New
481,"JEKYLL FROGMEN",13,New
490,"JUMANJI BLADE",13,New
492,"JUNGLE CLOSER",13,New
538,"LOVERBOY ATTACKS",13,New
551,"MAIDEN HOME",13,New
558,"MANNEQUIN WORST",13,New
561,"MASK PEACH",13,New
580,"MINE TITANS",13,New
590,"MONEY HAROLD",13,New
632,"NUTS TIES",13,New
635,"OKLAHOMA JUMANJI",13,New
675,"PHANTOM GLORY",13,New
677,"PIANIST OUTFIELD",13,New
685,"PLATOON INSTINCT",13,New
686,"PLUTO OLEANDER",13,New
720,"REDEMPTION COMFORTS",13,New
730,"RIDGEMONT SUBMARINE",13,New
750,"RUN PACIFIC",13,New
751,"RUNAWAY TENENBAUMS",13,New
759,"SALUTE APOLLO",13,New
760,"SAMURAI LION",13,New
806,"SLEEPY JAPANESE",13,New
846,"STING PERSONAL",13,New
847,"STOCK GLASS",13,New
913,"TROOPERS METAL",13,New
920,"UNBREAKABLE KARATE",13,New
933,"VAMPIRE WHALE",13,New
935,"VANISHED GARDEN",13,New
937,"VARSITY TRIP",13,New
948,"VOICE PEACH",13,New
954,"WAKE JAWS",13,New
974,"WILD APOLLO",13,New
994,"WYOMING STORM",13,New
26,"ANNIE IDENTITY",14,Sci-Fi
39,"ARMAGEDDON LOST",14,Sci-Fi
44,"ATTACKS HATE",14,Sci-Fi
49,"BADMAN DAWN",14,Sci-Fi
55,"BARBARELLA STREETCAR",14,Sci-Fi
69,"BEVERLY OUTLAW",14,Sci-Fi
73,"BINGO TALENTED",14,Sci-Fi
81,"BLINDNESS GUN",14,Sci-Fi
114,"CAMELOT VACATION",14,Sci-Fi
132,"CHAINSAW UPTOWN",14,Sci-Fi
137,"CHARADE DUFFEL",14,Sci-Fi
138,"CHARIOTS CONSPIRACY",14,Sci-Fi
140,"CHEAPER CLYDE",14,Sci-Fi
151,"CINCINATTI WHISPERER",14,Sci-Fi
153,"CITIZEN SHREK",14,Sci-Fi
165,"COLDBLOODED DARLING",14,Sci-Fi
177,"CONNECTICUT TRAMP",14,Sci-Fi
195,"CROWDS TELEMARK",14,Sci-Fi
203,"DAISY MENAGERIE",14,Sci-Fi
234,"DISTURBING SCARFACE",14,Sci-Fi
235,"DIVIDE MONSTER",14,Sci-Fi
240,"DOLLS RAGE",14,Sci-Fi
285,"ENGLISH BULWORTH",14,Sci-Fi
296,"EXPRESS LONELY",14,Sci-Fi
298,"EYES DRIVING",14,Sci-Fi
312,"FIDDLER LOST",14,Sci-Fi
319,"FISH OPUS",14,Sci-Fi
338,"FRISCO FORREST",14,Sci-Fi
350,"GARDEN ISLAND",14,Sci-Fi
367,"GOLDMINE TYCOON",14,Sci-Fi
369,"GOODFELLAS SALUTE",14,Sci-Fi
374,"GRAFFITI LOVE",14,Sci-Fi
390,"GUYS FALCON",14,Sci-Fi
394,"HAMLET WISDOM",14,Sci-Fi
397,"HANKY OCTOBER",14,Sci-Fi
422,"HOLLOW JEOPARDY",14,Sci-Fi
449,"IDENTITY LOVER",14,Sci-Fi
520,"LICENSE WEEKEND",14,Sci-Fi
559,"MARRIED GO",14,Sci-Fi
572,"METROPOLIS COMA",14,Sci-Fi
602,"MOURNING PURPLE",14,Sci-Fi
620,"NEMO CAMPUS",14,Sci-Fi
625,"NONE SPIKING",14,Sci-Fi
637,"OPEN AFRICAN",14,Sci-Fi
655,"PANTHER REDS",14,Sci-Fi
711,"RAGING AIRPLANE",14,Sci-Fi
714,"RANDOM GO",14,Sci-Fi
723,"REIGN GENTLEMEN",14,Sci-Fi
798,"SILVERADO GOLDFINGER",14,Sci-Fi
817,"SOLDIERS EVOLUTION",14,Sci-Fi
831,"SPIRITED CASUALTIES",14,Sci-Fi
839,"STALLION SUNDANCE",14,Sci-Fi
860,"SUICIDES SILENCE",14,Sci-Fi
863,"SUN CONFESSIONS",14,Sci-Fi
893,"TITANS JERK",14,Sci-Fi
912,"TROJAN TOMORROW",14,Sci-Fi
924,"UNFORGIVEN ZOOLANDER",14,Sci-Fi
930,"VACATION BOONDOCK",14,Sci-Fi
967,"WEEKEND PERSONAL",14,Sci-Fi
972,"WHISPERER GIANT",14,Sci-Fi
985,"WONDERLAND CHRISTMAS",14,Sci-Fi
10,"ALADDIN CALENDAR",15,Sports
27,"ANONYMOUS HUMAN",15,Sports
42,"ARTIST COLDBLOODED",15,Sports
102,"BUBBLE GROSSE",15,Sports
113,"CALIFORNIA BIRDS",15,Sports
120,"CARIBBEAN LIBERTY",15,Sports
135,"CHANCE RESURRECTION",15,Sports
176,"CONGENIALITY QUEST",15,Sports
187,"CRANES RESERVOIR",15,Sports
197,"CRUSADE HONEY",15,Sports
237,"DIVORCE SHINING",15,Sports
254,"DRIVER ANNIE",15,Sports
256,"DROP WATERFRONT",15,Sports
260,"DUDE BLINDNESS",15,Sports
263,"DURHAM PANKY",15,Sports
279,"ELIZABETH SHANE",15,Sports
291,"EVOLUTION ALTER",15,Sports
293,"EXORCIST STING",15,Sports
322,"FLATLINERS KILLER",15,Sports
323,"FLIGHT LIES",15,Sports
361,"GLEAMING JAWBREAKER",15,Sports
372,"GRACELAND DYNAMITE",15,Sports
383,"GROOVE FICTION",15,Sports
389,"GUNFIGHTER MUSSOLINI",15,Sports
420,"HOLES BRANNIGAN",15,Sports
429,"HONEY TIES",15,Sports
446,"HYSTERICAL GRAIL",15,Sports
453,"IMAGE PRINCESS",15,Sports
463,"INSTINCT AIRPORT",15,Sports
474,"JADE BUNCH",15,Sports
488,"JOON NORTHWEST",15,Sports
503,"KRAMER CHOCOLATE",15,Sports
517,"LESSON CLEOPATRA",15,Sports
519,"LIBERTY MAGNIFICENT",15,Sports
532,"LOSER HUSTLER",15,Sports
570,"MERMAID INSECTS",15,Sports
577,"MILE MULAN",15,Sports
598,"MOSQUITO ARMAGEDDON",15,Sports
599,"MOTHER OLEANDER",15,Sports
606,"MUMMY CREATURES",15,Sports
612,"MUSSOLINI SPOILERS",15,Sports
619,"NEIGHBORS CHARADE",15,Sports
628,"NORTHWEST POLISH",15,Sports
631,"NOVOCAINE FLIGHT",15,Sports
667,"PEACH INNOCENT",15,Sports
668,"PEAK FOREVER",15,Sports
671,"PERDITION FARGO",15,Sports
676,"PHILADELPHIA WIFE",15,Sports
678,"PICKUP DRIVING",15,Sports
681,"PIRATES ROXANNE",15,Sports
691,"POSEIDON FOREVER",15,Sports
719,"RECORDS ZORRO",15,Sports
729,"RIDER CADDYSHACK",15,Sports
733,"RIVER OUTLAW",15,Sports
745,"ROSES TREASURE",15,Sports
763,"SATISFACTION CONFIDENTIAL",15,Sports
764,"SATURDAY LAMBS",15,Sports
773,"SEABISCUIT PUNK",15,Sports
777,"SECRETARY ROUGE",15,Sports
779,"SENSE GREEK",15,Sports
782,"SHAKESPEARE SADDLE",15,Sports
796,"SIERRA DIVIDE",15,Sports
809,"SLIPPER FIDELITY",15,Sports
813,"SMOOCHY CONTROL",15,Sports
836,"SQUAD FISH",15,Sports
841,"STAR OPERATION",15,Sports
844,"STEERS ARMAGEDDON",15,Sports
851,"STRAIGHT HOURS",15,Sports
875,"TALENTED HOMICIDE",15,Sports
890,"TIGHTS DAWN",15,Sports
898,"TOURIST PELICAN",15,Sports
902,"TRADING PINOCCHIO",15,Sports
917,"TUXEDO MILE",15,Sports
940,"VICTORY ACADEMY",15,Sports
41,"ARSENIC INDEPENDENCE",16,Travel
57,"BASIC EASY",16,Travel
75,"BIRD INDEPENDENCE",16,Travel
84,"BOILED DARES",16,Travel
87,"BOONDOCK BALLROOM",16,Travel
88,"BORN SPINAL",16,Travel
103,"BUCKET BROTHERHOOD",16,Travel
123,"CASABLANCA SUPER",16,Travel
125,"CASSIDY WYOMING",16,Travel
167,"COMA HEAD",16,Travel
169,"COMFORTS RUSH",16,Travel
181,"CONTACT ANONYMOUS",16,Travel
224,"DESPERATE TRAINSPOTTING",16,Travel
233,"DISCIPLE MOTHER",16,Travel
257,"DRUMLINE CYCLONE",16,Travel
286,"ENOUGH RAGING",16,Travel
288,"ESCAPE METROPOLIS",16,Travel
294,"EXPECATIONS NATURAL",16,Travel
299,"FACTORY DRAGON",16,Travel
307,"FELLOWSHIP AUTUMN",16,Travel
339,"FROGMEN BREAKING",16,Travel
342,"FUGITIVE MAGUIRE",16,Travel
347,"GAMES BOWFINGER",16,Travel
386,"GUMP DATE",16,Travel
405,"HAUNTED ANTITRUST",16,Travel
434,"HORROR REIGN",16,Travel
451,"IGBY MAKER",16,Travel
472,"ITALIAN AFRICAN",16,Travel
496,"KICK SAVANNAH",16,Travel
513,"LEATHERNECKS DWARFS",16,Travel
518,"LIAISONS SWEET",16,Travel
526,"LOCK REAR",16,Travel
543,"MADIGAN DORADO",16,Travel
601,"MOULIN WAKE",16,Travel
609,"MUSCLE BRIGHT",16,Travel
642,"ORDER BETRAYED",16,Travel
645,"OTHERS SOUP",16,Travel
648,"OUTLAW HANKY",16,Travel
656,"PAPI NECKLACE",16,Travel
783,"SHANE DARKNESS",16,Travel
784,"SHANGHAI TYCOON",16,Travel
785,"SHAWSHANK BUBBLE",16,Travel
787,"SHINING ROSES",16,Travel
811,"SMILE EARRING",16,Travel
826,"SPEED SUIT",16,Travel
848,"STONE FIRE",16,Travel
868,"SUPERFLY TRIP",16,Travel
872,"SWEET BROTHERHOOD",16,Travel
878,"TEEN APOLLO",16,Travel
894,"TOMATOES HELLFIGHTERS",16,Travel
903,"TRAFFIC HOBBIT",16,Travel
914,"TROUBLE DATE",16,Travel
931,"VALENTINE VANISHING",16,Travel
977,"WINDOW SIDE",16,Travel
981,"WOLVES DESIRE",16,Travel
988,"WORKER TARZAN",16,Travel
989,"WORKING MICROCOSMOS",16,Travel
